open,high,low,close,vwap,volume,trade_count,date,volume_usd
2.77568,2.83786,2.7,2.7556,2.76391,23896575.91598186,27510,2025-09-01,66047985.139941424
2.75866,2.86319,2.74841,2.8625,2.80769,20335945.27570429,20144,2025-09-02,57097030.19114218
2.86251,2.88701,2.813,2.8445,2.85526,14604439.87688026,15467,2025-09-03,41699473.00286113
2.8445,2.86017,2.78652,2.79551,2.82306,17670846.21952817,15887,2025-09-04,49885859.12850119
2.79551,2.884,2.7782,2.81511,2.83375,22327697.85212581,19364,2025-09-05,63271113.788461514
2.81511,2.82882,2.79271,2.81023,2.81082,4212754.09316111,9171,2025-09-06,11841293.46013911
2.81008,2.92591,2.81008,2.87763,2.86707,17623744.93383758,14181,2025-09-07,50528510.38745771
2.87736,2.995,2.86238,2.97001,2.95329,24642729.8438344,22553,2025-09-08,72777127.62049769
2.97001,3.03651,2.93556,2.94679,2.98858,21389531.14183173,21385,2025-09-09,63924324.97985546
2.94704,3.17005,2.91331,2.98391,2.99465,21796785.47512983,19642,2025-09-10,65273743.623097554
2.98392,3.049,2.95144,3.04073,3.00871,24396668.17353531,20641,2025-09-11,73402499.50039743
3.04084,3.13874,3.01741,3.10647,3.06668,17076608.24767749,25221,2025-09-12,52368492.9809876
3.10721,3.18685,3.09,3.12114,3.13676,19903011.78644706,30275,2025-09-13,62430971.25125568
3.12074,3.12617,3.0125,3.02967,3.05768,17678344.87272439,20792,2025-09-14,54054721.550431915
3.02967,3.067,2.95693,2.99676,3.0094,21172580.56472263,32511,2025-09-15,63716763.95147628
2.99676,3.058,2.96512,3.03836,3.02712,17766437.17714259,20548,2025-09-16,53781137.30767188
3.03836,3.10718,2.983,3.0847,3.03251,35420078.24173999,30507,2025-09-17,107411741.46885893
3.08492,3.1398,3.05777,3.07486,3.10646,23930197.03525898,35108,2025-09-18,74338199.8821506
3.07486,3.09404,2.98047,2.99139,3.02817,12998107.87283358,21299,2025-09-19,39360480.31727846
2.99139,3.01032,2.97,2.97732,2.98413,5161657.14411828,13533,2025-09-20,15403055.933477683
2.97687,3.015,2.95354,2.97255,2.98179,9893766.88492605,14407,2025-09-21,29501135.15980365
2.97255,2.97599,2.67861,2.85447,2.82001,25959900.26511214,40038,2025-09-22,73207178.34661888
2.85447,2.8984,2.80221,2.82499,2.8579,10790150.01782053,21014,2025-09-23,30837169.73592929
2.82502,2.99544,2.79,2.9265,2.90574,16199099.8650934,22708,2025-09-24,47070372.4419965
2.9265,2.94407,2.72476,2.745,2.81273,27265733.44275861,33284,2025-09-25,76691146.42645043
2.745,2.81105,2.70067,2.78448,2.75323,27295500.64528535,33263,2025-09-26,75150791.24161898
2.78458,2.83,2.76264,2.80551,2.79153,9275351.98794626,14299,2025-09-27,25892423.334911622
2.8059,2.86682,2.76711,2.86682,2.81622,7996707.69577776,13949,2025-09-28,22520488.14700324
2.86682,2.92839,2.84505,2.88148,2.88076,13395250.273405,21072,2025-09-29,38588501.17761419
2.88148,2.90751,2.81372,2.84623,2.85098,13547717.98558422,18922,2025-09-30,38624273.0225409
2.84623,2.96234,2.8147,2.94802,2.92109,23289422.21076182,26298,2025-10-01,68030498.32563424
2.94976,3.1,2.94261,3.04009,3.0174,30249808.79333463,39562,2025-10-02,91275773.0530079
3.04007,3.09556,3.0075,3.04195,3.04215,20242607.54451273,34291,2025-10-03,61581048.5415394
3.04197,3.05463,2.94,2.9689,2.99263,18516346.63737682,19330,2025-10-04,55412574.43741299
2.9689,3.07,2.95,2.97001,3.01039,17402834.65828084,24371,2025-10-05,52389319.42694206
2.97001,3.04992,2.95745,2.99065,3.0136,16270894.23785352,27065,2025-10-06,49033966.87519536
2.99065,3.0036,2.85026,2.85331,2.91655,18388142.41295781,30214,2025-10-07,53629936.7545121
2.85331,2.92553,2.83111,2.87911,2.88087,13322652.29730743,23178,2025-10-08,38380829.32374405
2.87972,2.88,2.77,2.8035,2.81158,19197867.61174466,28471,2025-10-09,53976340.61982906
2.8035,2.8375,1.4,2.37396,2.33735,84792006.90803438,104624,2025-10-10,198188597.34649414
2.37652,2.50602,2.09031,2.38495,2.4037,35348860.8910289,56337,2025-10-11,84968056.92376618
2.38497,2.58422,2.315,2.52997,2.47202,24963031.04673996,36592,2025-10-12,61709112.00816211
2.53076,2.6475,2.51637,2.60678,2.59844,25825019.31094861,33845,2025-10-13,67104763.17834131
2.60731,2.62219,2.38983,2.50468,2.48405,38047159.08158498,36561,2025-10-14,94511045.51661117
2.50448,2.54794,2.37486,2.41206,2.46462,16587107.4722837,27465,2025-10-15,40880916.818339854
2.4124,2.46641,2.285,2.32853,2.37934,26631230.69228781,34491,2025-10-16,63364752.43538808
2.32853,2.39829,2.19,2.29415,2.28024,27859304.79441221,39398,2025-10-17,63525901.1644105
2.29416,2.39242,2.29045,2.36063,2.35402,7886821.1748738,16266,2025-10-18,18565734.782076422
2.36049,2.41991,2.31961,2.39173,2.38986,10282018.77894577,15587,2025-10-19,24572585.39905134
2.392,2.552,2.35678,2.49602,2.46339,16135514.88767339,24401,2025-10-20,39748066.01914575
2.49601,2.5323,2.40241,2.42382,2.46433,16340605.16721647,24920,2025-10-21,40268643.53172656
2.42382,2.43874,2.3275,2.36508,2.38919,12460063.76613539,23767,2025-10-22,29769459.749413017
2.36564,2.42728,2.36188,2.39528,2.39815,8968531.23435928,18835,2025-10-23,21507883.179678705
2.39579,2.51506,2.38819,2.51106,2.47565,13581671.86598395,24051,2025-10-24,33623465.95502316
2.5111,2.6529,2.50323,2.59628,2.58189,16933559.59599236,26130,2025-10-25,43720588.185296714
2.59628,2.66146,2.59231,2.64608,2.63024,14965061.83864636,23712,2025-10-26,39361704.2504812
2.6458,2.6972,2.60239,2.63404,2.6526,15449197.64259357,30004,2025-10-27,40980541.6667437
2.63405,2.68906,2.56685,2.60575,2.63437,16636829.16737416,25383,2025-10-28,43827563.65365547
2.60576,2.66428,2.53167,2.5502,2.60899,12749840.93513653,23862,2025-10-29,33264207.501361854
2.5509,2.59361,2.37754,2.43873,2.48653,25854174.07957103,32904,2025-10-30,64287179.47407576
2.43929,2.55112,2.43399,2.50853,2.50145,18800816.13687229,26274,2025-10-31,47029301.5255792
2.50853,2.52216,2.475,2.50527,2.49699,2814655.94310331,10264,2025-11-01,7028167.743369534
2.50527,2.55255,2.47948,2.52718,2.50986,8173681.83202721,13626,2025-11-02,20514797.082931817
2.52602,2.53153,2.26074,2.30942,2.36912,23251986.0470467,36541,2025-11-03,55086745.18377928
2.30942,2.36333,2.06683,2.20506,2.21752,29546815.88030261,53390,2025-11-04,65520655.150888644
2.20509,2.37637,2.10125,2.34307,2.26594,17423271.88331717,32408,2025-11-05,39480088.69128371
2.34275,2.414,2.17963,2.21179,2.27837,15517963.75345013,27734,2025-11-06,35355663.076948166
2.2118,2.37,2.15251,2.31355,2.26416,23146031.17415697,33338,2025-11-07,52406317.943279244
2.31355,2.33568,2.24051,2.28456,2.29216,9047478.66119075,15516,2025-11-08,20738268.68803499
2.28456,2.39379,2.24,2.36571,2.31062,10502737.14519919,17248,2025-11-09,24267834.502440155
2.36571,2.58021,2.34513,2.52519,2.49403,31280837.99050761,37206,2025-11-10,78015348.37346569
2.52522,2.5692,2.38,2.3904,2.46094,14875993.0216261,23663,2025-11-11,36608926.26664054
2.3915,2.4493,2.31583,2.38714,2.38339,15185624.13921682,24689,2025-11-12,36193264.71716797
2.38769,2.5254,2.27543,2.32089,2.41526,30786608.83780709,41690,2025-11-13,74357664.86160195
2.32132,2.3375,2.22334,2.24342,2.28459,25375930.07729522,34833,2025-11-14,57973596.09528789
2.24301,2.3,2.21111,2.23592,2.25589,11905917.23259663,20093,2025-11-15,26858439.62584241
2.236,2.2775,2.15519,2.21327,2.20858,20839702.41925772,26877,2025-11-16,46026149.96912421
2.21327,2.3033,2.11302,2.1621,2.19523,28613347.58125348,33749,2025-11-17,62812879.01079508
2.1621,2.24,2.10584,2.21611,2.18823,26969686.90741126,31340,2025-11-18,59015877.981404535
2.21613,2.2175,2.025,2.10774,2.08775,37766856.30206297,40673,2025-11-19,78847754.24463198
2.10774,2.14768,1.97281,1.99757,2.04684,29071003.67617698,40414,2025-11-20,59503693.16454609
1.9977,2.02813,1.81779,1.94946,1.92989,40085050.53564437,55885,2025-11-21,77359738.17823471
1.9497,1.965,1.88751,1.94945,1.92859,11640890.43310406,23803,2025-11-22,22450504.88038016
1.94945,2.08412,1.9484,2.04847,2.04769,20001278.72070281,26851,2025-11-23,40956418.42359593
2.04872,2.28669,2.02408,2.22693,2.1569,35906541.06350398,34882,2025-11-24,77446818.41987173
2.22693,2.26397,2.14768,2.20191,2.20712,21605500.37538045,25201,2025-11-25,47685931.9885097
2.20119,2.25406,2.14432,2.22337,2.2043,15818654.5148422,21942,2025-11-26,34869060.14706666
2.22337,2.23437,2.17382,2.2,2.20888,11660610.0982242,16345,2025-11-27,25756888.433765475
2.2,2.275,2.15751,2.17966,2.21055,21535102.02502106,26898,2025-11-28,47604419.78141031
2.17982,2.222,2.16634,2.20284,2.20426,9467735.12305334,15607,2025-11-29,20869349.822341558
2.20285,2.2148,2.15371,2.15423,2.19357,12032892.07713379,15963,2025-11-30,26394991.073638365
2.15423,2.16128,1.98441,2.03001,2.04428,25727999.1155587,38007,2025-12-01,52595234.03195434
2.03001,2.18358,1.99598,2.15367,2.10351,17434069.41017958,26370,2025-12-02,36672739.34500685
2.15371,2.22,2.14166,2.19844,2.18744,15541819.70485067,24623,2025-12-03,33996798.09517855
2.19844,2.21422,2.06942,2.09615,2.14059,12779926.35184155,21538,2025-12-04,27356582.549488503
2.09615,2.11297,2.014,2.03579,2.06083,12791948.14742041,25278,2025-12-05,26362030.500648405
2.03579,2.05084,2.01688,2.03126,2.03069,6887839.95272723,15499,2025-12-06,13987067.713603659
2.03151,2.11041,1.99,2.0447,2.04915,15436034.30791546,23192,2025-12-07,31630749.702064965
2.0447,2.12356,2.02878,2.0725,2.07316,17102610.03116138,20492,2025-12-08,35456447.01220252
2.07251,2.17784,2.04201,2.10674,2.10667,22088841.22668627,26263,2025-12-09,46533899.14702316
2.10643,2.11048,2.03535,2.04225,2.07356,17932413.07356208,25367,2025-12-10,37183934.45281538
2.0422,2.05764,1.97866,2.03441,2.01273,16661859.57064058,27766,2025-12-11,33535824.613615416
2.03442,2.04804,1.97001,2.00772,2.01028,12812780.50047973,27343,2025-12-12,25757276.38450439
2.00772,2.04774,2.00703,2.02288,2.0278,5211886.30569223,17204,2025-12-13,10568663.050682705
2.02288,2.03089,1.9525,1.97863,1.99366,6410682.77584562,18032,2025-12-14,12780721.822892379
1.97883,2.01379,1.86985,1.89842,1.92445,19892949.30105373,38945,2025-12-15,38282986.28241285
1.89853,1.94815,1.85234,1.92935,1.90674,15288272.85552121,28374,2025-12-16,29150761.384536512
1.92927,1.98656,1.84731,1.86226,1.91364,21131167.43824685,33238,2025-12-17,40437447.2565267
1.86204,1.93319,1.80022,1.80629,1.85961,27754070.85290396,37320,2025-12-18,51611747.69876873
1.80654,1.91943,1.77078,1.90805,1.85529,22383300.93532478,34327,2025-12-19,41527514.39229871
1.90805,1.95786,1.89312,1.93271,1.92625,9349025.82859963,20636,2025-12-20,18008561.002340037
1.93271,1.94859,1.89501,1.92147,1.91881,6115737.969521,15092,2025-12-21,11734939.17329659
1.92147,1.9479,1.89132,1.90333,1.92521,14255801.82744619,21702,2025-12-22,27445412.23621768
1.90253,1.90809,1.8629,1.87222,1.88422,10594089.50034306,17769,2025-12-23,19961595.3183364
1.87265,1.87696,1.83568,1.86072,1.86031,8171407.19026586,16309,2025-12-24,15201350.510123482
1.86086,1.88729,1.82783,1.83175,1.86417,6883342.4605155,13133,2025-12-25,12831720.514619181
1.83162,1.88133,1.8238,1.84233,1.85468,8298101.45701268,16581,2025-12-26,15390322.81029228
1.84246,1.8772,1.84044,1.87186,1.85014,4786609.82997008,11745,2025-12-27,8855898.310820844
1.87219,1.87813,1.85259,1.86381,1.86583,4556736.57343185,11058,2025-12-28,8502095.80080635
1.86417,1.91559,1.843,1.84863,1.87737,12426006.37882977,16766,2025-12-29,23328211.595423646
1.84853,1.88429,1.84251,1.87552,1.86488,8086931.37005211,14042,2025-12-30,15081156.57338278
1.87543,1.88158,1.8094,1.83915,1.85431,17359356.9712971,20243,2025-12-31,32189629.225445922
1.83963,1.87853,1.82353,1.8769,1.85251,12395442.58293445,13678,2026-01-01,22962681.3393119
1.8769,2.03,1.86677,2.006,1.95206,22289441.07555779,24821,2026-01-02,43510326.34595334
2.00613,2.05537,1.98332,2.01737,2.0147,17666952.54224182,17441,2026-01-03,35593609.286854595
2.0171,2.11903,2.0156,2.09055,2.07533,20198975.02118192,20309,2026-01-04,41919538.83070947
2.09002,2.36964,2.08671,2.34735,2.20855,67407268.8519367,51853,2026-01-05,148872323.62294477
2.3482,2.41622,2.20259,2.30245,2.3221,68587834.05995147,52776,2026-01-06,159267809.4706133
2.30277,2.31951,2.15,2.16342,2.23161,31172391.95807935,28403,2026-01-07,69564621.61756945
2.16373,2.18926,2.06335,2.12151,2.13018,31037173.4447344,28195,2026-01-08,66114766.12850433
2.1213,2.16,2.07024,2.09316,2.10614,23703393.76995972,23759,2026-01-09,49922665.75466297
2.09313,2.10761,2.07716,2.08803,2.0913,10842388.12583444,12366,2026-01-10,22674686.287557565
2.0878,2.1068,2.04128,2.07174,2.07556,10775704.24680386,14597,2026-01-11,22365620.706496216
2.07153,2.106,2.03238,2.05175,2.06584,23409208.53383022,22747,2026-01-12,48359679.35752783
2.05118,2.18357,2.04534,2.16431,2.1178,23881184.07121843,23934,2026-01-13,50575571.62602639
2.16444,2.19318,2.11,2.13878,2.14941,21434476.97092779,23366,2026-01-14,46071479.1460819
2.13925,2.14325,2.0522,2.07816,2.09541,16925307.31809636,20261,2026-01-15,35465458.207412295
2.07816,2.08657,2.02479,2.06668,2.06097,14891303.0947756,19170,2026-01-16,30690528.939239673
2.06683,2.08198,2.0525,2.0622,2.06835,9719033.20102851,12814,2026-01-17,20102362.321347322
2.06212,2.06746,1.98401,1.99081,2.04,11918594.78667048,15703,2026-01-18,24313933.36480778
1.99037,2.0282,1.84795,1.98446,1.9692,26922294.98648291,31057,2026-01-19,53015383.28738215
1.98504,1.9894,1.86811,1.8878,1.92147,16096180.88611346,23920,2026-01-20,30928328.68724043
1.88802,1.98767,1.87056,1.94611,1.92511,21412125.48603021,24309,2026-01-21,41220696.894411616
1.94587,1.965,1.90001,1.92185,1.93231,9893924.93497855,15725,2026-01-22,19118130.091108404
1.92185,1.96326,1.88315,1.91729,1.92515,13475881.75348846,18872,2026-01-23,25943093.75772831
1.91729,1.92484,1.90674,1.91152,1.91601,3901570.7033645,10300,2026-01-24,7475448.4833534155
1.9115,1.91397,1.81,1.83356,1.85938,16675791.81616324,23354,2026-01-25,31006633.787137605
1.834,1.94577,1.83144,1.90195,1.8926,16073437.21134858,18559,2026-01-26,30420587.266198322
1.90195,1.9265,1.87175,1.91287,1.90159,8942993.20376295,16651,2026-01-27,17005906.44634359
1.91308,1.93945,1.89201,1.90843,1.91265,8680597.00274451,13965,2026-01-28,16602943.857299289
1.90834,1.91,1.77512,1.80463,1.82538,30980477.67673466,35814,2026-01-29,56551144.34155791
1.80472,1.80972,1.70988,1.73257,1.75191,32367208.66102236,44860,2026-01-30,56704436.52533169
1.73296,1.75199,1.50041,1.64564,1.62214,41485590.04858239,58513,2026-01-31,67295435.04140744
1.64519,1.6781,1.55182,1.58837,1.61918,26457983.74590972,33553,2026-02-01,42840238.121702105
1.58932,1.6561,1.52962,1.61777,1.59229,34391496.50414595,35618,2026-02-02,54761235.96858656
1.61815,1.63205,1.52589,1.57702,1.58668,21576186.99505971,26669,2026-02-03,34234504.38132134
1.57606,1.60966,1.49085,1.5087,1.54331,28213858.80650549,29718,2026-02-04,43542730.43466799
1.5087,1.5116,1.13565,1.21169,1.30215,97157377.4246344,118534,2026-02-05,126513479.01348767
1.21258,1.54353,1.11028,1.4681,1.37264,83916742.45290732,102014,2026-02-06,115187477.36055872
1.4685,1.48697,1.3848,1.42259,1.42833,24126236.23365155,33088,2026-02-07,34460226.99961152
1.42347,1.46753,1.40881,1.43,1.43779,14344635.93177407,20002,2026-02-08,20624574.09634544
1.42993,1.46333,1.37138,1.43646,1.42813,24656232.58586308,28316,2026-02-09,35212305.44284864
1.4365,1.45233,1.39128,1.39925,1.41327,16577295.02208637,20999,2026-02-10,23428193.735864006
1.39913,1.4196,1.34176,1.36882,1.37252,22948400.33891576,25235,2026-02-11,31497138.43316866
1.36892,1.40696,1.34519,1.36229,1.37122,17524715.80825029,20590,2026-02-12,24030240.810588963
1.36243,1.427,1.34751,1.40663,1.39337,18101648.11786047,20700,2026-02-13,25222293.437983245
1.40671,1.51266,1.40465,1.50878,1.46661,16813385.68932796,20345,2026-02-14,24658679.585825276
1.50849,1.67135,1.44371,1.47439,1.54622,39205029.42378921,36970,2026-02-15,60619600.59565135
1.47418,1.51643,1.44801,1.4869,1.48459,18556086.88303892,19233,2026-02-16,27548181.02569075
1.48689,1.51199,1.42645,1.47305,1.46819,20247561.92989452,18983,2026-02-17,29727267.94985184
1.47356,1.4932,1.41036,1.42111,1.45348,13963099.43621741,16941,2026-02-18,20295085.768553283
1.4212,1.43709,1.38167,1.40619,1.40604,15124786.91596703,18327,2026-02-19,21266055.395326283
1.40611,1.43879,1.378,1.4287,1.41294,15277164.21468346,19100,2026-02-20,21585716.40549485
1.42843,1.46413,1.41931,1.43017,1.44268,8474916.67739566,12680,2026-02-21,12226592.79214517
1.43001,1.43323,1.38,1.39246,1.40432,8152942.30959963,12812,2026-02-22,11449339.944216952
1.39303,1.42443,1.33,1.35145,1.36239,24316637.7331607,26145,2026-02-23,33128744.081280805
1.35144,1.36675,1.3125,1.34837,1.34553,18914516.12535656,19821,2026-02-24,25450048.882151008
1.34824,1.49365,1.34081,1.43371,1.42823,39936298.00941914,28843,2026-02-25,57038218.90599271
1.43382,1.46947,1.38279,1.40265,1.42657,28181102.1754124,22490,2026-02-26,40202314.930378065
1.40265,1.42602,1.33864,1.35625,1.36794,23943953.81558728,24300,2026-02-27,32753892.18249446
1.35627,1.39327,1.27024,1.3765,1.3286,30940421.96504812,28447,2026-02-28,41107444.62276293
1.37684,1.43299,1.33718,1.35254,1.37964,19346026.9978115,20639,2026-03-01,26690552.687260658
1.35287,1.42259,1.33369,1.38996,1.38362,31200266.71072148,29392,2026-03-02,43169313.02628846
1.39013,1.39494,1.33628,1.3609,1.36125,22153800.53512518,21994,2026-03-03,30156860.978439156
1.36073,1.47391,1.3455,1.43095,1.4268,30831358.6733987,25994,2026-03-04,43990182.55520526
1.4317,1.45231,1.3959,1.40423,1.41896,15000103.08174029,16886,2026-03-05,21284546.2688662
1.40384,1.41458,1.34604,1.3633,1.3751,17074752.25998004,21932,2026-03-06,23479491.832698554
1.3637,1.37499,1.348,1.35666,1.36167,4740804.78101382,10373,2026-03-07,6455411.646163088
1.35712,1.37155,1.32179,1.34033,1.34549,8036264.22967902,12554,2026-03-08,10812713.158390826
1.34036,1.38437,1.33323,1.3632,1.36118,11610127.56774563,16171,2026-03-09,15803473.442663997
1.36306,1.44232,1.36095,1.38665,1.40439,18204936.94269129,20738,2026-03-10,25566831.39294622
1.3867,1.411,1.37049,1.38454,1.39043,15035972.88010473,16080,2026-03-11,20906467.77168402
1.38454,1.39312,1.3659,1.3853,1.37961,13821740.76621901,15697,2026-03-12,19068611.77848341
1.38457,1.4529,1.38376,1.39936,1.41824,32983057.02452932,24027,2026-03-13,46777890.79446846
1.39907,1.40852,1.38551,1.4067,1.39512,5007797.55818032,8863,2026-03-14,6986478.529368528
1.40681,1.46472,1.40265,1.44939,1.42635,14757093.28975635,13345,2026-03-15,21048780.01384397
1.44894,1.55311,1.43615,1.54327,1.50316,32647861.99233003,30258,2026-03-16,49074960.232390806
1.54317,1.60681,1.49516,1.51856,1.54222,36926233.78069146,32704,2026-03-17,56948376.261257984
1.51847,1.54234,1.43661,1.46509,1.47762,28008153.76882707,25311,2026-03-18,41385408.17189425
1.46532,1.48206,1.42228,1.44753,1.44849,16486540.42071367,18700,2026-03-19,23880588.933999546
1.44754,1.46594,1.425,1.44483,1.44689,13764186.84379511,17067,2026-03-20,19915264.302418705
1.445,1.45226,1.40088,1.40901,1.43605,8227687.76393991,11904,2026-03-21,11815371.013405908
1.40828,1.42594,1.37132,1.38473,1.39656,11400771.75266196,17643,2026-03-22,15921861.798897587
1.38471,1.465,1.36133,1.43195,1.41821,20321562.48570262,20928,2026-03-23,28820243.13284831
1.4317,1.43436,1.3838,1.4155,1.40864,15497738.70847488,14636,2026-03-24,21830734.654306054
1.41562,1.43722,1.402,1.4142,1.41874,11049031.39284471,13175,2026-03-25,15675702.798284503
1.41412,1.41582,1.33582,1.36002,1.36731,11779463.31229792,18322,2026-03-26,16106177.981538069
1.36016,1.37145,1.27031,1.3249,1.33667,26914283.14273218,21783,2026-03-27,35975514.848395824
1.32466,1.357,1.31828,1.33262,1.34015,6578764.58021916,10875,2026-03-28,8816531.352180706
1.33262,1.34199,1.29367,1.32671,1.32362,8214171.32425829,13124,2026-03-29,10872441.448214758
1.32679,1.36561,1.31574,1.32307,1.34247,14049387.98468495,14645,2026-03-30,18860881.887800004
1.32367,1.3488,1.30372,1.3402,1.32651,12231102.90509803,16527,2026-03-31,16224680.31464159
1.33987,1.3678,1.33108,1.34753,1.3515,12482943.01539528,14287,2026-04-01,16870697.48530672
1.34748,1.35653,1.28012,1.32027,1.30613,17783239.38544955,22211,2026-04-02,23227222.458517224
1.31991,1.33549,1.30317,1.31824,1.31871,10561252.64974396,13634,2026-04-03,13927229.481743857
1.3179,1.32265,1.30664,1.31474,1.3136,3515470.73549061,9832,2026-04-04,4617922.358140466
1.31538,1.33128,1.2786,1.32576,1.30436,8970811.71993865,14520,2026-04-05,11701167.975019177
1.32605,1.35665,1.312,1.32109,1.34082,14114289.46770037,17892,2026-04-06,18924721.604082007
1.32106,1.39634,1.29401,1.379,1.33384,16774860.68486082,21711,2026-04-07,22374980.175894756
1.37829,1.38909,1.33932,1.34295,1.36339,15384074.46113807,17230,2026-04-08,20974493.279571034
1.34293,1.36939,1.32227,1.34377,1.34635,18751731.4653373,17901,2026-04-09,25246393.65835687
1.34384,1.36609,1.33515,1.3569,1.35001,10182476.77764536,14890,2026-04-10,13746445.474589013
1.3569,1.3754,1.3407,1.35505,1.35716,10158202.2706213,14866,2026-04-11,13786305.793596402
1.35503,1.35906,1.32,1.32472,1.33454,8975736.51826307,14445,2026-04-12,11978479.413082797
1.32497,1.38369,1.32,1.37634,1.34374,14280828.63550539,18346,2026-04-13,19189720.67067401
1.37635,1.39647,1.35274,1.36221,1.37211,16505179.08313286,20746,2026-04-14,22646921.271757428
1.36223,1.40863,1.35103,1.392,1.37876,15454613.47644564,20380,2026-04-15,21308202.87678419
1.39265,1.46643,1.38717,1.45337,1.42425,21998825.96931881,29760,2026-04-16,31331827.886802316
1.45327,1.51,1.42302,1.47712,1.47444,30304557.49235442,32237,2026-04-17,44682251.74902705
1.47584,1.48286,1.4246,1.43282,1.44807,15477843.87116444,18557,2026-04-18,22413001.37451709
1.43266,1.44738,1.39178,1.39467,1.42022,11439722.40216677,16021,2026-04-19,16246922.550005293
1.39485,1.437,1.39409,1.425,1.41945,12807756.69158765,16880,2026-04-20,18179970.23587409
1.42482,1.44916,1.41167,1.43391,1.4302,12510004.54115123,15980,2026-04-21,17891808.494754486
1.43429,1.4625,1.42726,1.42958,1.44748,16555020.13093077,28924,2026-04-22,23963060.539119672
1.42958,1.44138,1.41,1.43914,1.42484,10097728.62265302,22419,2026-04-23,14387647.65070093
1.4392,1.45051,1.42417,1.43387,1.43603,19391016.02557154,14512,2026-04-24,27846080.743201498
1.43341,1.4382,1.41927,1.42428,1.42789,4511164.0027452,9751,2026-04-25,6441445.967879844
1.42434,1.43647,1.41682,1.4309,1.42651,5492977.98587462,9783,2026-04-26,7835788.026630004
1.43118,1.44717,1.38356,1.40065,1.41054,15928951.1150755,17985,2026-04-27,22468422.705858596
1.4007,1.4007,1.36801,1.38028,1.38278,9070995.6328765,14314,2026-04-28,12543191.341228966
1.38015,1.40618,1.346,1.36862,1.37165,13539090.48787439,17885,2026-04-29,18570893.467692908
1.36862,1.384,1.35833,1.36746,1.36969,9010629.30051613,12725,2026-04-30,12341768.846623939
1.36744,1.40035,1.36447,1.38549,1.38511,8822888.92035935,13830,2026-05-01,12220671.67247894
1.38574,1.4,1.38147,1.39359,1.38962,4554407.04045951,8514,2026-05-02,6328895.1115633445
1.39361,1.40404,1.3815,1.38763,1.39403,5000587.22602281,8526,2026-05-03,6970968.610692578
1.38764,1.4199,1.38314,1.39166,1.40299,11667000.32546842,14983,2026-05-04,16368684.786628937
1.39168,1.42157,1.39044,1.41284,1.4092,7872664.74327924,12380,2026-05-05,11094159.156229105
1.4126,1.45706,1.40777,1.42468,1.42983,19194666.29116932,20168,2026-05-06,27445109.703102626
1.42439,1.42552,1.38,1.38663,1.39929,8945725.23794251,17543,2026-05-07,12517663.868200574
1.3869,1.42647,1.37739,1.41793,1.40134,8658968.98990374,16779,2026-05-08,12134159.604311708
1.41793,1.43482,1.41145,1.42018,1.42415,6742174.55836378,14607,2026-05-09,9601867.897293778
1.42018,1.50745,1.41147,1.4729,1.46698,23111831.07925221,24973,2026-05-10,33904593.956641406
1.47351,1.48767,1.44,1.47747,1.46514,15962942.31227385,23366,2026-05-11,23387945.29940491
1.47737,1.4845,1.41853,1.43667,1.44607,12854694.7666071,24099,2026-05-12,18588788.46114753
1.43679,1.46895,1.41092,1.42664,1.43765,12444345.37031632,21119,2026-05-13,17890613.12163526
1.42664,1.5496,1.42067,1.48508,1.48705,37053747.77838,47679,2026-05-14,55100775.63383998
1.48509,1.49997,1.42727,1.43352,1.45502,17435307.37449315,30180,2026-05-15,25368720.93603502
1.43351,1.43856,1.39586,1.41334,1.4147,10263468.10419167,19799,2026-05-16,14519728.326999957
1.4131,1.42809,1.37208,1.4012,1.40741,11400394.19885609,20581,2026-05-17,16045028.79941205
1.40091,1.40183,1.36306,1.38937,1.38205,13450325.82261704,32051,2026-05-18,18589022.80314788
1.38937,1.39668,1.35208,1.36043,1.36896,13976646.67985612,22027,2026-05-19,19133470.23885583
1.36037,1.37987,1.34649,1.36589,1.3659,9400074.71751492,20627,2026-05-20,12839562.056653626
1.36567,1.38461,1.35047,1.37232,1.3721,9110998.09218223,19102,2026-05-21,12501200.482283238
1.3723,1.37465,1.32844,1.33246,1.35209,13395273.86056006,24297,2026-05-22,18111615.83412465
1.33323,1.37413,1.30001,1.35674,1.33551,10953926.88925531,21448,2026-05-23,14629078.899869358
1.35665,1.36907,1.33121,1.34911,1.35216,6984445.28980858,14824,2026-05-24,9444087.543067569
1.34904,1.36439,1.342,1.34903,1.35522,4620454.39016553,11976,2026-05-25,6261732.19864013
1.34903,1.36387,1.32551,1.32722,1.34341,12421641.08709133,16765,2026-05-26,16687356.852809364
1.32727,1.34091,1.3018,1.30569,1.32242,11080054.77357376,19280,2026-05-27,14652486.03366941
1.30579,1.33611,1.26584,1.31354,1.30119,21889244.79452471,33238,2026-05-28,28482066.43418761
1.31355,1.33129,1.29259,1.32794,1.30923,19004446.93139501,24799,2026-05-29,24881192.055990286
1.32794,1.36426,1.32645,1.33878,1.3479,12293444.69112423,18935,2026-05-30,16570334.099166352
1.33879,1.34606,1.319,1.33089,1.33297,5883909.45267856,12999,2026-05-31,7843074.783136941
1.33121,1.33911,1.278,1.29573,1.29638,14601279.61596487,24181,2026-06-01,18928806.86854454
1.29559,1.29559,1.19248,1.21015,1.2379,29752872.00052456,40795,2026-06-02,36831080.24944936
1.2105,1.247,1.18603,1.19959,1.21869,23325410.40431386,30940,2026-06-03,28426444.405633256
1.19947,1.21054,1.14,1.1677,1.1715,34264430.05664759,46466,2026-06-04,40140779.811362654
1.1676,1.17316,1.06971,1.09744,1.11205,40440543.93947149,55875,2026-06-05,44971906.88788927
1.09744,1.11379,1.05001,1.09292,1.08748,21649250.55920964,30956,2026-06-06,23543126.9981293
1.0932,1.17118,1.08807,1.15493,1.13062,23762974.84026855,28523,2026-06-07,26866894.613904424
1.15526,1.18637,1.13151,1.16764,1.16433,22174852.79351578,26390,2026-06-08,25818846.35307423
1.16782,1.176,1.11791,1.1366,1.14768,20981243.62721478,26263,2026-06-09,24079753.686081856
1.13714,1.14042,1.08797,1.0964,1.10938,19689703.4866296,26574,2026-06-10,21843363.253997147
1.09614,1.14868,1.09563,1.14064,1.12152,14976805.57205255,22352,2026-06-11,16796786.985168375
1.14145,1.15652,1.125,1.13171,1.13708,18135897.12229342,21208,2026-06-12,20621965.899817403
1.13199,1.16,1.12873,1.14979,1.14571,7769918.60212773,13381,2026-06-13,8902073.441643761
1.15021,1.18686,1.12651,1.18537,1.15769,13036723.07084965,15114,2026-06-14,15092483.931891933
1.1853,1.29338,1.1776,1.2374,1.23978,41762837.79451559,36375,2026-06-15,51776731.04088454
1.23717,1.25528,1.20394,1.21594,1.22752,19793140.80808845,24403,2026-06-16,24296476.204744734
1.21699,1.22619,1.17069,1.18587,1.20006,23714560.15310871,24827,2026-06-17,28458895.057339635
1.18546,1.19118,1.13203,1.14534,1.15618,16472054.31354757,22610,2026-06-18,19044659.75623743
1.14492,1.15183,1.11819,1.13531,1.13284,12772925.88127502,18195,2026-06-19,14469681.355343595
1.135,1.1542,1.13339,1.14892,1.14339,8366583.4560977,14072,2026-06-20,9566267.857867548
1.14898,1.152,1.12,1.12362,1.13636,6574528.6595116,11703,2026-06-21,7471031.3875226015
1.12365,1.1625,1.12044,1.12844,1.13992,16004841.88790653,15275,2026-06-22,18244239.364862412
1.12835,1.1325,1.09104,1.10903,1.10614,16489507.74494902,19758,2026-06-23,18239704.09699791
1.10866,1.11241,1.045,1.07173,1.07636,28543034.25582039,29288,2026-06-24,30722580.351594836
1.07198,1.08799,1.01061,1.04156,1.04226,32928981.82710831,30412,2026-06-25,34320560.599121906
1.04206,1.0542,1.00798,1.04761,1.03451,33795226.60064286,29765,2026-06-26,34961499.87063105
1.0476,1.07589,1.04237,1.04607,1.05895,14842744.88323053,17263,2026-06-27,15717724.69409697
1.04592,1.05725,1.03263,1.04696,1.04597,7726743.60484693,10668,2026-06-28,8081942.008361744
1.04696,1.07522,1.0309,1.05745,1.05549,22597356.46897296,19606,2026-06-29,23851283.779436268
1.05732,1.05744,1.02603,1.03854,1.03851,19442100.21725857,17598,2026-06-30,20190815.496625196
1.03854,1.07215,1.02085,1.05162,1.04846,22490259.25227795,20553,2026-07-01,23580137.21564334
1.05199,1.11128,1.04399,1.08698,1.08063,28090722.9121187,25250,2026-07-02,30355677.900522828
1.08709,1.14399,1.0817,1.13427,1.1157,25030592.34878148,23827,2026-07-03,27926631.883535497
1.13369,1.18315,1.13054,1.15626,1.15532,27295172.60904368,25182,2026-07-04,31534658.818680342
1.15627,1.16832,1.12413,1.15617,1.14156,19761527.61648438,17467,2026-07-05,22558969.46587391
1.15618,1.16337,1.10852,1.1438,1.13746,21165038.75641709,18408,2026-07-06,24074384.98387418
1.1444,1.15078,1.1072,1.11123,1.12591,12775109.38804482,14539,2026-07-07,14383623.411093542
1.11159,1.11524,1.06835,1.08991,1.08658,17461113.09703145,18500,2026-07-08,18972896.268972438
1.08991,1.10209,1.08207,1.09259,1.09293,8875780.37939572,12069,2026-07-09,9700606.650052963
1.09238,1.11717,1.0885,1.10386,1.10422,9607842.10788768,12882,2026-07-10,10609171.412371734
1.10395,1.11848,1.0959,1.09638,1.10961,6716056.91460102,9189,2026-07-11,7452203.913010437
1.09589,1.1031,1.08,1.08544,1.09206,7521102.69886157,9613,2026-07-12,8213495.413318766
1.08544,1.10172,1.0525,1.06617,1.06985,12189268.1835643,15314,2026-07-13,13040688.566186266
1.06632,1.1206,1.06001,1.11084,1.09194,15176243.69484303,15531,2026-07-14,16571547.540146897
1.11114,1.12901,1.09822,1.11252,1.11399,12968345.11456929,15381,2026-07-15,14446606.774179043
1.11317,1.11702,1.08459,1.08638,1.10239,8501896.77920736,12419,2026-07-16,9372405.990430402
1.08623,1.0949,1.069,1.08818,1.08259,7478044.73048593,12371,2026-07-17,8095656.444776762
1.08829,1.0971,1.08144,1.09205,1.08643,7852828.91078182,11562,2026-07-18,8531548.913540693
1.09235,1.1006,1.0883,1.09699,1.09451,4536246.34727859,7787,2026-07-19,4964966.989559891
1.09604,1.11966,1.08174,1.1116,1.10669,10717003.65822079,13345,2026-07-20,11860400.778516365
1.1109,1.16424,1.11064,1.14289,1.14188,17463412.10584648,18826,2026-07-21,19941121.01542398
1.14261,1.1567,1.12833,1.14164,1.14051,10172863.8385829,11889,2026-07-22,11602252.936542181
1.14181,1.14459,1.10018,1.10721,1.11918,11233144.15241888,13230,2026-07-23,12571910.272504162
1.1073,1.12088,1.08425,1.09103,1.09704,10560852.65772864,13398,2026-07-24,11585677.799634628
1.09101,1.10725,1.0848,1.09685,1.09693,4471535.90898022,7571,2026-07-25,4904961.884637672
1.09669,1.11562,1.09455,1.11194,1.10359,4682223.26133815,8605,2026-07-26,5167254.76898017
1.11224,1.11353,1.062,1.06522,1.08735,14093163.65061959,16002,2026-07-27,15324201.495501213
1.06528,1.06924,1.04429,1.0678,1.05752,11306923.51326004,16226,2026-07-28,11957297.753742758
1.06797,1.0923,1.06141,1.07243,1.07573,13088435.15559346,15766,2026-07-29,14079622.349926554
1.07243,1.09408,1.06736,1.08201,1.08352,5234782.56773259,11143,2026-07-30,5671991.607789616
1.08223,1.08893,1.05639,1.06081,1.06679,11050177.87352133,14760,2026-07-31,11788219.253693819
1.06093,1.06662,1.04631,1.05952,1.05975,5055327.94701051,10215,2026-08-01,5357383.791844388
1.0599,1.09178,1.05987,1.08569,1.08088,6296813.88395926,9291,2026-08-02,6806100.190893885
1.0857,1.08649,1.0611,1.07483,1.07525,7036372.00267017,10288,2026-08-03,7565858.995871101
1.07424,1.0823,1.06862,1.07311,1.07454,7505036.52796245,8862,2026-08-04,8064461.9507567715
1.0731,1.07595,1.05388,1.06121,1.06436,9095896.77137118,11080,2026-08-05,9681308.68757663
1.06121,1.06252,1.02865,1.0343,1.04155,23316439.0366119,18967,2026-08-06,24285237.078583125
1.0343,1.04175,1.0125,1.0206,1.0281,22074904.733304,19230,2026-08-07,22695209.556309845
1.02028,1.04798,1.01961,1.03865,1.03708,9115299.94945494,10501,2026-08-08,9453295.27158073
1.03873,1.04683,1.02555,1.02907,1.03534,5536521.54197495,8635,2026-08-09,5732182.213268344
1.02901,1.0397,1.005,1.01095,1.01878,10488566.07384932,13822,2026-08-10,10685541.34471621
1.01146,1.02513,0.99012,1.02221,1.0065,18877683.62778268,20046,2026-08-11,19000388.571363267
1.02184,1.02489,1.0,1.00461,1.01357,5840405.63786224,10924,2026-08-12,5919659.9423680315
1.00455,1.01425,0.9975,1.00855,1.0059,11917834.76755165,12781,2026-08-13,11988149.992680205
1.00863,1.01301,0.98471,0.99859,0.99935,11928155.53613794,18517,2026-08-14,11920402.23503945
0.99864,1.0069,0.99721,1.00175,1.00154,5372459.62505685,10686,2026-08-15,5380733.212879438
1.00163,1.00266,0.98941,0.99245,0.99824,4497101.39817298,10634,2026-08-16,4489186.499712196
0.99258,1.00751,0.98764,1.00223,0.99904,11219900.20803837,13091,2026-08-17,11209129.103838652
1.00241,1.00545,0.98811,1.00107,0.99744,9101881.85612421,13381,2026-08-18,9078581.038572531
1.00142,1.13487,0.99538,1.10537,1.07641,45127772.3182739,36394,2026-08-19,48575985.40111321
1.10521,1.34369,1.0875,1.268,1.23283,93125800.41813359,73957,2026-08-20,114808280.52948764
1.26846,1.47633,1.25915,1.45425,1.37771,132140289.25460938,83543,2026-08-21,182050997.90896788
1.45424,1.7,1.3359,1.46177,1.52699,214989259.1401602,124196,2026-08-22,328286448.8144332
1.46179,1.55077,1.43488,1.51989,1.49507,67554183.08400472,53328,2026-08-23,100998232.50340292
1.52077,1.5306,1.45304,1.48115,1.48939,60247628.87910039,50844,2026-08-24,89732215.97624333
1.48075,1.54971,1.39438,1.4335,1.47366,44968696.22238632,45461,2026-08-25,66268568.87508183
1.43368,1.44999,1.3572,1.42282,1.40108,68659846.2447689,42132,2026-08-26,96197937.37662081
1.42298,1.47414,1.39336,1.45357,1.4447,37492795.55676409,30450,2026-08-27,54165841.74085708
1.45387,1.472,1.3631,1.38376,1.40954,62839078.94990615,42898,2026-08-28,88574195.34305072
1.38361,1.40347,1.37704,1.39661,1.39012,12909493.92190146,15777,2026-08-29,17945745.69071366
1.3966,1.433,1.335,1.35751,1.38841,19793269.24698403,25213,2026-08-30,27481172.955205098
1.35767,1.39579,1.33914,1.37943,1.36665,23888922.67555822,26754,2026-08-31,32647796.17455164
