active_addresses,addresses_with_balance,ledger_count,mvrv,market_cap_usd,fees_native,reference_price_usd,tx_count,transfer_count,reported_volume_usd,date
52735,6945734,22252,1.7989282106968931,274772304865.72067,651.893396,2.74811486952549,1770983,419230,4696575471.50292,2025-09-01
47510,6949306,22304,1.8669086279124736,285786697978.08105,675.408984,2.85827452630355,1728778,390301,4314576070.3449,2025-09-02
46883,6953231,22321,1.8594556265149549,284449988867.0467,609.637409,2.84490554632338,1578017,363061,2381681046.56766,2025-09-03
43796,6956638,22332,1.8364294338408016,280279821014.2148,580.747903,2.80319793694886,1573625,363122,2642889583.30768,2025-09-04
45896,6960527,22294,1.8472854677851829,281784788757.178,662.862323,2.81824977940284,1869117,469684,3726724334.32357,2025-09-05
53349,6963688,22307,1.842707615908922,281031686855.2074,382.759425,2.81071769704132,1626048,392436,947765947.672011,2025-09-06
43914,6967389,22319,1.8869658180312527,288294038223.29694,440.089528,2.88335158152407,1494949,324114,1997084298.463,2025-09-07
47765,6971551,22275,1.9328096163932205,296840916603.767,579.409775,2.96883257310875,1745252,418742,3422469188.98851,2025-09-08
47883,6975507,22276,1.917214817247911,294423501576.1556,667.903926,2.94465499435759,1598282,393486,3463034644.15127,2025-09-09
50971,6979577,22292,1.9388077388030232,298248501686.83844,676.397148,2.98291047179154,1784207,464676,2355070958.24043,2025-09-10
45018,6983247,22318,1.97146065366788,304194972903.9216,592.663846,3.04238368470574,1624513,403011,3010527440.85706,2025-09-11
47188,6987249,22286,2.004830669523234,310591570194.24115,546.419676,3.10635879978404,1894821,462844,3500316250.24952,2025-09-12
45597,6991137,22327,2.009801612081554,312231585703.0222,422.398848,3.12276130775212,1726571,411451,3178231711.02017,2025-09-13
44409,6995462,22288,1.957837701360484,303182569255.1942,353.644653,3.0322582440592,1684548,390074,2721374060.04647,2025-09-14
45856,6999550,22303,1.9363993392961647,299498226377.3307,576.071072,2.99540957607536,1742327,383460,3550343240.25842,2025-09-15
48699,7004005,22273,1.9611278104362495,303974699496.11566,607.529353,3.0401807125918,1648566,364392,2715311063.69551,2025-09-16
50553,7007495,22291,1.9841470411862292,308199938653.8736,755.243798,3.08243915611462,1498067,338936,3654195512.88803,2025-09-17
47351,7011940,22300,1.97954853534992,307485456940.0715,532.779608,3.07529333587164,1686110,414215,3650858534.44843,2025-09-18
46953,7015965,22337,1.930225978550392,298771859057.7266,549.816498,2.98814493960857,1675911,325850,2834472227.58445,2025-09-19
52968,7019788,22350,1.9231738726633465,297581109518.5782,396.741824,2.97623575682082,1634673,325625,1607452226.4044,2025-09-20
47586,7024210,22341,1.9218426796363723,297414631903.12616,388.548831,2.97457075465456,1726620,317539,1570140700.03203,2025-09-21
54119,7028187,22289,1.8298890469526623,284984893276.7328,758.022821,2.85025565171982,2069859,421993,5928248762.39392,2025-09-22
47484,7032102,22337,1.8171626774670295,282761066028.1542,611.241261,2.82801422276588,1855410,367223,2988574248.49639,2025-09-23
48970,7036750,22333,1.8762040526175567,292929651805.6851,648.673402,2.92971461236565,1824789,388374,3471793706.63539,2025-09-24
54491,7041417,22333,1.7747385809843264,274499524318.4784,854.063143,2.7453870558865,1861668,394407,5329657217.77186,2025-09-25
58156,7045569,22323,1.797562793564054,278474346466.90356,749.026688,2.78514097178164,1803195,367667,4620785313.12484,2025-09-26
46702,7049234,22345,1.811864257741988,280939324001.40643,443.753376,2.80979427821951,1630165,352262,1555352885.90829,2025-09-27
43906,7053120,22323,1.8444270061139925,286437739302.1652,431.899838,2.86478629253727,1854350,416429,1743281135.82036,2025-09-28
47662,7057461,22309,1.8522255184758991,288397233378.23724,585.128112,2.8843840474215,1859300,442206,2876624229.41141,2025-09-29
46611,7061709,22326,1.8232477397402476,284232882694.9692,800.836926,2.84273461836321,1783532,420734,2865014506.33628,2025-09-30
49976,7066212,22320,1.878620952376029,294379400477.22894,657.989224,2.94421430146357,1868295,520520,3499990600.90568,2025-10-01
55717,7070991,22299,1.9017897395086996,303673520570.5575,787.313423,3.03716879588184,1965173,537060,4184669271.35396,2025-10-02
54255,7075782,22324,1.9019687201272708,304411138623.2236,597.439191,3.04454604778391,1900127,585334,3929483097.9323,2025-10-03
59081,7079635,22328,1.8570195703037895,296933009747.0366,532.27549,2.96975409698609,1922463,590496,2305067687.63453,2025-10-04
49314,7083524,22277,1.8596327462790807,297210876172.3776,531.634558,2.97253317381854,1931055,642412,3059721688.11055,2025-10-05
49245,7087881,22278,1.8692278183369933,299275189428.3282,597.210579,2.99317927206053,1779353,486941,3360667722.55077,2025-10-06
48653,7092502,22292,1.7936315228745263,285713454672.73914,721.682245,2.85754257839239,1750553,452302,3956219365.63637,2025-10-07
48726,7096999,22328,1.8112768634723224,288612295663.5114,637.235023,2.886535146575,1630720,390894,2439781781.13217,2025-10-08
49938,7101191,22313,1.7571501484687544,280532076329.58246,620.398151,2.80572143064751,1662870,393150,3098865479.7698,2025-10-09
61985,7105879,22275,1.5290266414211313,239495737607.93936,831.07678,2.39529945356825,2111056,463300,9278505775.08964,2025-10-10
59118,7111008,22213,1.5296130664440224,238976981140.7945,715.763027,2.39011116505451,2230384,453889,6734972653.63787,2025-10-11
53121,7115872,22169,1.609995625771394,252794049578.7185,591.603136,2.5283016006319,1941616,356455,5460360452.7656,2025-10-12
50691,7120481,22215,1.6549981222920775,260811520777.71707,637.246067,2.60848778184105,1874084,386576,4584912724.21543,2025-10-13
48636,7124523,22268,1.5990245140557942,250768362497.7218,797.828415,2.50804187221714,1755275,360626,4466925897.12729,2025-10-14
48823,7128766,22250,1.5431608826242744,241184931924.91495,680.713895,2.41219389203956,1757723,383340,2978471324.83168,2025-10-15
53319,7133126,22248,1.4909279363982448,232220684899.57376,731.756652,2.32253863186605,1929603,400465,3857097430.73634,2025-10-16
56179,7137578,22235,1.5027197289453575,229910149164.5416,699.706191,2.29942998945356,2012197,416166,4531892524.90384,2025-10-17
45264,7141433,22309,1.5393036392811457,236008662904.38696,435.868027,2.36042385075626,1706843,346986,1460637060.74266,2025-10-18
55715,7145323,22300,1.558048603648975,239185429341.89597,402.813287,2.39219606390142,1755697,338619,1744316754.94706,2025-10-19
49316,7149551,22295,1.6069940715331892,249098396211.78668,581.140045,2.49133991165355,1758052,378425,2494551736.01682,2025-10-20
49178,7154483,22280,1.5690324496929424,242816892827.7061,744.6925,2.4285159199364,1798978,372996,2752661351.2154,2025-10-21
44175,7158729,22290,1.531107873133454,236135272282.8459,567.794132,2.3616901796896,1717156,339193,2386852599.88235,2025-10-22
48293,7163107,22263,1.5490427867427536,239433753141.1631,554.735911,2.39467971536115,1856342,416298,1570761109.40435,2025-10-23
46981,7167584,22275,1.6196020457055103,250604484682.20715,725.440218,2.50640301347705,2186436,481131,2390935411.77611,2025-10-24
48585,7171322,22291,1.6707666950230156,259657398435.61472,492.129986,2.59694510231609,1990476,395426,2138618896.95387,2025-10-25
58030,7175608,22285,1.7013028746732328,265005290533.34167,489.862316,2.65043167980749,2053430,427716,1986440051.86348,2025-10-26
52412,7180096,22293,1.6874967263334293,263713370976.7302,1555.756451,2.6375106787281,2114051,451344,2767382012.12969,2025-10-27
48076,7185743,22271,1.669925737271692,260794383638.95792,606.69272,2.60831664858768,1983064,433867,3249653548.55887,2025-10-28
46325,7189984,22276,1.6404185851013495,255962343448.02252,563.190857,2.55998935357378,1826465,413475,2668226317.79354,2025-10-29
61137,7199450,22211,1.5653475688730096,243397939639.69653,885.321682,2.43432737520291,2020573,452425,3425809372.95116,2025-10-30
48696,7203798,22143,1.607217402546514,250847954973.84735,624.677432,2.50883819528448,2008937,425711,2541338042.73147,2025-10-31
54213,7207570,22232,1.608793268715715,250269061278.25687,486.393353,2.50304844284168,1614589,355657,891516261.503922,2025-11-01
53866,7219320,22268,1.6200335484161976,252160887393.18805,633.541591,2.52196942486887,1909542,437195,1156112402.29578,2025-11-02
60697,7228704,22127,1.4774226682702254,230511935025.10843,736.366685,2.3054489635248,2251113,497112,3794358706.72493,2025-11-03
58454,7233331,22109,1.4255816052999606,221072573826.2702,1450.379182,2.21104188609256,2369964,451288,5579224613.94234,2025-11-04
51201,7237813,22097,1.5059336732967015,234665547156.54733,696.0137,2.34699107454875,2210064,449739,3806859678.01651,2025-11-05
48763,7241851,22129,1.4225828554486708,220621673379.10864,693.327674,2.2065322674653,2064046,414200,3226656615.4228,2025-11-06
50435,7246056,22119,1.486163843177502,231711013035.27527,1091.148418,2.31744154931888,2202928,535473,3333690628.84429,2025-11-07
44011,7249791,22121,1.4648758099068468,228390020341.61316,499.195488,2.28422688373204,1856835,393217,1652256439.88987,2025-11-08
43130,7253734,22100,1.5125436044538523,236215892534.65057,453.873499,2.3624968102138,1894774,411108,1659048068.92022,2025-11-09
57893,7264686,22077,1.6035686841309833,252812334873.353,851.199953,2.52848499479374,2217285,516793,3727742451.03253,2025-11-10
60527,7277293,22131,1.523525453163989,239300056446.3993,943.456207,2.39334290389937,2126341,489496,2434275863.89928,2025-11-11
52105,7281592,22136,1.51676719629092,238284998791.0324,755.372721,2.38319089322245,1958428,486678,2614715145.83454,2025-11-12
51113,7286652,22091,1.478291467733098,233132416696.15607,805.290867,2.33165771944918,2258822,648413,4199320390.22381,2025-11-13
50878,7291247,22143,1.4274621915060008,224843683066.10526,811.111271,2.24875854234664,2319530,673244,4039554388.60721,2025-11-14
56670,7295169,22253,1.4208622705980944,223584746888.14508,524.483905,2.23616739098125,2224263,779834,1560751884.74348,2025-11-15
53616,7299583,22228,1.4083321755088691,221549980395.3615,590.913959,2.21581682764985,2331606,732829,2262951067.54346,2025-11-16
49217,7304297,22224,1.376012016772942,215748258086.65247,781.547496,2.15779131953986,2088464,468874,3356210721.71287,2025-11-17
51007,7308689,22255,1.4126684829524405,221387294867.97333,745.020642,2.21418977338945,1776749,368830,3262532862.81105,2025-11-18
54527,7313768,22236,1.3537827073440487,210787145084.73428,727.004601,2.1081731211382,1851468,432770,3463376013.79732,2025-11-19
56711,7319359,22189,1.2942480215976604,200792348851.8776,704.970204,2.00821086880877,1894144,444781,3647444376.48201,2025-11-20
66194,7325415,22241,1.2619430285119786,194273730168.13437,846.811358,1.94301536877642,2161548,477587,5380863139.6805,2025-11-21
50517,7331045,22311,1.2672137429718557,195055119199.12677,580.378818,1.95083038882478,1677934,355653,1718853867.28565,2025-11-22
50994,7335077,22289,1.328753082168606,204809812314.33835,631.738295,2.04839129553369,1824790,340576,2380751311.53592,2025-11-23
49247,7339868,22234,1.4382772446287961,222892070937.97568,666.332704,2.22923978024453,2061236,412097,3807375434.44276,2025-11-24
45388,7344388,22235,1.4151393614964027,220254529925.67404,536.449394,2.20286060629024,1884376,408619,2843950474.86516,2025-11-25
44681,7348646,22234,1.4257061817656256,222351249289.08685,730.395866,2.22383081774388,1895579,423103,2200849091.11946,2025-11-26
42899,7352661,22257,1.4126373707942457,220145234883.42947,505.361885,2.20176752661806,1870342,432209,1557324505.25951,2025-11-27
43770,7356625,22255,1.4019203931144089,218209450872.0932,647.914654,2.18240692922137,2018668,563758,2503072771.08795,2025-11-28
53091,7360312,22225,1.4135944730749848,220214583201.7248,480.654523,2.20246113394555,2094341,406683,1128954594.42013,2025-11-29
47236,7363972,22254,1.39183875119169,216668956364.06503,407.262022,2.1669997977882,1977283,397582,1008779983.29945,2025-11-30
52274,7368244,22198,1.314194062439929,203399902896.92383,671.808353,2.03429027769302,2107361,394818,3297661487.76626,2025-12-01
47894,7372482,22160,1.3974207571228812,215882572384.07425,924.639215,2.15913486649075,2018789,372237,2550115672.7506,2025-12-02
44035,7376643,22178,1.4201535778996168,220167551297.81912,680.596971,2.20199080668314,2196430,407012,2223305743.80803,2025-12-03
48371,7380890,22253,1.3568196191456412,209656333413.49832,580.493297,2.09686358729234,1908200,404756,1918041904.08609,2025-12-04
44042,7384861,22232,1.3221094467630703,203401924259.34232,476.707543,2.03431054838159,2013375,369771,1913275437.29267,2025-12-05
39089,7388387,22260,1.3195842950014864,202963455592.22668,396.159435,2.0299252417924,1819409,368288,876391555.346188,2025-12-06
41772,7391679,22266,1.3243998655003983,203766266752.60925,413.975763,2.03795451162658,1906746,368546,1484077390.76149,2025-12-07
43358,7395422,22234,1.345722101141735,207279238972.34344,542.983016,2.07308927653419,1980168,382095,1645142071.42356,2025-12-08
42073,7399461,22240,1.3678736534637044,210947125586.43912,513.828239,2.1097734070447,2174673,481231,2001054910.0741,2025-12-09
43024,7403251,22162,1.3316305931021388,204618355035.2844,582.631108,2.04647664841182,1970422,429020,2118721645.8429,2025-12-10
44974,7407576,22198,1.3276809503951785,203638273786.5591,698.763505,2.0366744462767,2146409,608306,1983887823.4689,2025-12-11
45435,7411337,22080,1.312524611183584,200962529552.05328,567.416743,2.00991318237913,1994581,448603,1477707774.32549,2025-12-12
52449,7414120,22098,1.3204018421565134,202210925486.72232,534.207228,2.02239894090826,1838712,516792,764305368.821865,2025-12-13
43827,7417454,22126,1.2946747031308483,197996632435.2415,377.160895,1.98024998049476,1699235,610952,871415831.73167,2025-12-14
46370,7421272,22087,1.2429132914745704,189517708982.50427,598.194369,1.89544861013766,2009408,689651,2024344980.17123,2025-12-15
44111,7424984,22083,1.2643951938335165,192698101813.74625,586.687771,1.92725710627881,1982603,595406,1745258488.72294,2025-12-16
44057,7428559,22152,1.2275075994549565,186030217270.48148,553.366607,1.86056871773404,1722805,333722,1999269473.37242,2025-12-17
45224,7431562,22166,1.1964701726842224,180885642963.67056,651.015654,1.80911561527335,1731872,410395,16560233291.5028,2025-12-18
47621,7435033,22118,1.2568302075435485,190470417777.62408,475.977433,1.90497710621908,1919132,425615,2283084151.32187,2025-12-19
41070,7438140,22201,1.2742880971007036,193198266194.002,344.39512,1.93225950582084,1571138,326871,1059137920.61294,2025-12-20
40219,7440995,22202,1.267680322299606,192218654104.04407,334.146496,1.92246198760872,1499073,333560,1140803670.45736,2025-12-21
46618,7444265,22144,1.2555870675962901,190247012224.09055,551.150421,1.90274275396319,1788076,377878,1443935850.86278,2025-12-22
48241,7447503,22137,1.2397130546806845,187394104552.02365,496.86347,1.87420959822315,1790378,413568,1166204901.7741,2025-12-23
48860,7450572,22155,1.2330903944697835,186116181755.1967,423.661407,1.8614285467632,1674629,430662,1048888796.46641,2025-12-24
43371,7453759,22131,1.2165564466784449,183458968632.55057,378.699155,1.83485261434693,1590457,323161,775260678.693054,2025-12-25
41378,7457251,22187,1.2223385590693039,184268245690.7592,388.59001,1.84294655192373,1539823,350001,1215787367.39174,2025-12-26
40583,7460640,22174,1.2376868970106227,186756644803.33633,346.465428,1.86783411591929,1830702,399743,485533822.286932,2025-12-27
40169,7464132,22172,1.236290478111166,186261590458.76593,371.588096,1.86288286986304,1674663,384695,485544283.313963,2025-12-28
43792,7468152,22150,1.2283150244151309,184763326398.94843,466.029359,1.84789809044382,1852929,425677,1271924241.4026,2025-12-29
60169,7472605,22095,1.2454991071210884,187459929490.03824,630.243647,1.87486799828944,2077558,674349,963524391.865775,2025-12-30
51038,7477480,22076,1.224381275530832,183929122883.3542,478.157645,1.83955487999317,2116802,724216,1098423660.76055,2025-12-31
45603,7480461,22173,1.2264860803441413,187650346762.27145,369.077774,1.87677245985715,1809252,346442,714141801.020847,2026-01-01
53154,7483958,22126,1.3035108900798245,200819250100.41653,544.156175,2.00848038147393,2054398,479740,1967998731.60041,2026-01-02
46584,7487499,22108,1.2449145336262648,201649936682.8086,360.190664,2.01678844537752,2034797,476419,1283757457.75403,2026-01-03
44990,7491007,22119,1.2855011588008696,208885630011.386,399.029059,2.08915575984679,1907916,371602,1781611037.40354,2026-01-04
61499,7495374,22096,1.426239852890606,235434782956.44443,641.667206,2.35468536543888,2248006,549423,3600972842.84556,2026-01-05
56633,7500077,22077,1.395945835827989,230254388414.4323,724.388483,2.3028740097247,2419645,673586,4583527580.83114,2026-01-06
41547,7503861,22093,1.3199824233519724,216753238442.3893,588.633075,2.16784316558966,2117624,403087,2305059635.30948,2026-01-07
39742,7507382,22107,1.29708786181488,212540800259.9497,502.862774,2.12571275465511,2109460,378345,2692531870.39687,2026-01-08
39722,7510514,22116,1.279578771174248,209285895031.06927,406.289707,2.09315904381938,1966211,461326,1982522892.08282,2026-01-09
47160,7513489,22110,1.2769081899434835,208737151005.9785,339.618243,2.08767082381957,1935014,533322,574159220.447902,2026-01-10
50587,7516418,22098,1.2654355655931993,206715622504.1342,347.049733,2.06745264725369,2225009,561238,850300683.183883,2026-01-11
47665,7519458,22044,1.2568121831093624,205134662333.27744,480.22538,2.05164078836326,2541876,664759,1923327348.68278,2026-01-12
45126,7522285,22045,1.3190280570112192,216201358026.59717,625.79965,2.16232362857567,2623768,729332,2079506630.76992,2026-01-13
46312,7525584,22059,1.306893032561547,213798265603.04443,503.727164,2.13828926890532,2679734,697253,2347360399.30762,2026-01-14
47071,7528509,22077,1.2714110924365667,207635685822.90988,452.492354,2.07665464260852,2446509,615793,1592105978.54022,2026-01-15
46649,7531320,22081,1.2691622676700245,206812264389.94724,469.630999,2.06841925706986,2465109,695787,1218252787.37066,2026-01-16
40983,7533978,22084,1.2659184006047517,206238765460.6725,345.763466,2.0626834523896,2335391,606828,639462833.146174,2026-01-17
40234,7536643,22225,1.2334396552260505,200715500085.3052,369.645625,2.00744288431851,2417622,614571,855524934.214484,2026-01-18
45471,7538765,22076,1.224328740153403,198768529332.05344,608.101309,1.98797039636338,2584687,672354,2154610920.2886,2026-01-19
46414,7541569,22065,1.1707235408107624,188745359729.22815,523.147433,1.88772433350892,2674239,813735,1961588173.2897,2026-01-20
47777,7544353,22043,1.207862404561577,194968015278.9517,509.908818,1.94995982472352,2448498,623658,2312159651.29316,2026-01-21
50382,7547053,22096,1.190812841206525,192039960202.0978,406.906464,1.92067508162188,2391660,710124,1279651714.09598,2026-01-22
48664,7550009,22093,1.190045452636427,191885602558.2795,450.717895,1.91913129241015,2457012,665362,1275716662.75947,2026-01-23
49846,7552771,22111,1.1869935330608163,191342567670.8378,410.652045,1.91370017239235,2310844,605056,442322925.894081,2026-01-24
57419,7555556,22068,1.1388155842900924,183066030207.90417,413.326342,1.83092293199989,2630931,654928,1484408750.94412,2026-01-25
53097,7558306,22061,1.182839240589261,190411071602.42935,446.730891,1.90438389178639,2624007,704012,1582540704.95993,2026-01-26
46015,7561382,22097,1.189639583624414,191559349398.66647,359.082886,1.91586832402123,2282021,678497,1087324328.90893,2026-01-27
48467,7564365,22124,1.1888175833297496,190842874794.20477,427.298054,1.90870255820813,2293734,646725,1115158626.7228,2026-01-28
52222,7567518,22038,1.1275906162866345,180272855582.0933,494.566092,1.80298720975596,2673288,818360,2241679837.2241,2026-01-29
56732,7570795,22061,1.087038044438357,172979335426.5971,580.405666,1.73004155356402,2743551,763924,2694580528.97318,2026-01-30
62187,7574614,22055,1.0358384736234907,164032004132.93164,703.177844,1.64055541409198,3124770,849633,3434537114.33818,2026-01-31
54160,7577922,22093,1.0042944250325063,159188206304.37668,537.767265,1.59211049390833,2927877,655153,2229707088.33407,2026-02-01
56539,7581209,22101,1.0265799273825351,161989707125.5202,539.857322,1.62012953094697,3069449,652167,2781000887.72375,2026-02-02
51885,7584560,22063,1.001662256170487,157564144428.88693,527.719607,1.57586756149362,3024349,836429,2133190780.14634,2026-02-03
52219,7587370,22081,0.966048863616648,151401060522.26932,702.008702,1.51422788853848,3111323,981613,2303612021.51554,2026-02-04
77944,7591939,22057,0.8029184231621591,122717104866.26956,947.694381,1.22734717781682,3753531,937805,6795857866.40521,2026-02-05
67703,7596700,22047,0.9571603922837514,147057074223.24188,912.531803,1.47078181863766,3468633,875050,6668125468.21838,2026-02-06
52540,7600094,22087,0.9269924651711098,142178440490.4276,608.506248,1.42198848748195,3016973,741359,2928989817.62127,2026-02-07
47451,7603575,22095,0.9338459242778784,143243901161.51025,413.558396,1.43264462947803,2765060,683423,1432748922.36097,2026-02-08
52480,7610566,22098,0.9386352672512343,143900613186.5149,591.996353,1.43921270091935,2606040,687100,2075187403.04644,2026-02-09
62090,7625290,22129,0.9141224404557712,139858953776.01395,837.582919,1.39879031673772,2374501,642912,1230362240.61069,2026-02-10
50671,7628165,22122,0.8944977787017911,136571616006.71371,516.138088,1.36591222685324,2414071,590553,1950244293.1642,2026-02-11
51935,7631518,22120,0.8959987667375106,136231866833.18468,551.829352,1.36251425488249,2302828,687158,1330976940.57288,2026-02-12
50749,7634438,22141,0.9238081530220624,140452585677.9023,537.09099,1.40472751051373,2300963,539477,1376202125.52907,2026-02-13
48569,7637161,22154,0.9870444340809136,150755583294.48938,546.78181,1.5077722873757,2225003,568310,1456488079.38844,2026-02-14
52883,7640345,22113,0.9640527663604,147033444922.69583,480.644602,1.47054556649136,2579692,641781,3731273611.46528,2026-02-15
51560,7643172,22137,0.9732979747577092,148596580341.9089,420.41509,1.48617917135298,2272077,595385,1675275140.65443,2026-02-16
44731,7645919,22101,0.9656641250675986,147365735265.62656,494.807772,1.47386896052928,2734739,857372,1231239049.07985,2026-02-17
55855,7648705,22122,0.9313715318964634,141698702180.96692,530.924456,1.41719049970698,2509814,865181,1094749561.21703,2026-02-18
55580,7651554,22184,0.9245044134294648,140534785329.71072,642.944387,1.40554966885984,2955683,946159,1213484450.61145,2026-02-19
56375,7654428,22176,0.9386856969022712,142773603451.60193,568.015835,1.42794107325492,2996452,866458,1293641025.95736,2026-02-20
50636,7657137,22217,0.9417928431542534,143225490867.96573,435.855423,1.43246060262339,2820720,710990,676961210.621219,2026-02-21
51130,7659555,22257,0.9161042352686536,139168439815.21713,382.851843,1.3918842708731,2522079,495619,671222043.781589,2026-02-22
53837,7661929,22229,0.8932610128622972,135383969145.33092,496.810002,1.35403413567239,2867352,594313,1892742956.62481,2026-02-23
49464,7664573,22221,0.8910846435803313,134890069952.95367,501.168338,1.34909444115178,2730399,574179,1435219976.58681,2026-02-24
51301,7667340,22212,0.9442459159079102,143309891344.47885,553.788114,1.43330475633361,3106105,720161,2338259352.48056,2026-02-25
47452,7670333,22217,0.9239586263585152,140118357504.01605,576.151999,1.40138484185071,2989638,714820,1650666693.59256,2026-02-26
57126,7673318,22277,0.8960967920085084,135513007305.8016,501.120337,1.35532473150997,2938239,728235,1629955595.76398,2026-02-27
55108,7676098,22282,0.9107337960464096,137788095657.36447,536.206616,1.37807889047998,2726056,504225,2142982138.40372,2026-02-28
55740,7678842,22271,0.8882235100385713,135104934980.6978,377.662932,1.35124343443143,2673272,521784,1704112270.33859,2026-03-01
58557,7681627,22310,0.9170030012728329,139201452556.75546,417.403375,1.3922145008451,2262645,489665,1660172870.36916,2026-03-02
59421,7684242,22311,0.8975649801060731,136139187959.91818,570.246635,1.36158746342657,2394471,531602,1328959261.75745,2026-03-03
52062,7687171,22356,0.942428041178208,142889404898.77478,554.274744,1.42909933840995,2181081,505205,2208156139.91695,2026-03-04
53449,7690353,22298,0.9304504141847184,140416483948.42737,449.469064,1.40436658237034,2557776,570297,1267543629.01469,2026-03-05
57623,7692918,22313,0.9049715116235062,136386449646.91605,406.10876,1.36406045475808,2391060,566981,1119823197.246,2026-03-06
53930,7695324,22376,0.9006210587882449,135614520197.148,524.851314,1.35634005828193,1868008,451043,475041306.673056,2026-03-07
48015,7697837,22407,0.8929106065583137,134389374896.7356,358.278385,1.34408684975681,1997920,405543,755855185.987493,2026-03-08
44343,7700383,22331,0.9066915700732354,136290598220.29262,397.823536,1.36310182023696,2383458,457517,1170305364.68231,2026-03-09
46466,7702907,22347,0.9219697561434518,138617984982.07867,437.166384,1.38637903817392,2130089,435782,1637976491.44476,2026-03-10
44392,7705376,22316,0.9223063238649468,138669281720.31387,417.780104,1.38689208506257,2296340,557882,1074611900.72436,2026-03-11
45782,7708161,22380,0.9219571144332476,138546959420.93027,423.344848,1.3856686921585,2079027,453254,879451535.680261,2026-03-12
47103,7710366,22307,0.9299841980355747,139810155008.48865,552.047941,1.39830247102097,2483502,529235,1803137879.08654,2026-03-13
41503,7712505,22231,0.934612563949576,140519060192.5312,388.197991,1.40539254708432,2664095,493204,470113467.976342,2026-03-14
42939,7714819,22192,0.9601985851966056,144627472652.8933,426.483959,1.44648258220994,2926136,580658,912565066.984904,2026-03-15
47997,7717414,22233,1.019576177068504,154431667678.3919,711.411241,1.54453863384549,3597639,528435,2117376816.93996,2026-03-16
48933,7719689,22246,1.0043391290541301,152140200439.8052,500.059331,1.52162067565625,3473009,559492,2415868374.51103,2026-03-17
62430,7722023,22253,0.9688559131218653,146304144062.01138,602.368981,1.46325173252424,3125504,541660,1448631596.47587,2026-03-18
54519,7733133,22207,0.9587602657612276,144659746197.65872,2509.101849,1.44680542659402,4013708,750727,1098510260.62504,2026-03-19
52891,7733496,22190,0.9572884356787784,144397745740.2432,1255.480757,1.44418506349888,3907594,658654,798544700.566223,2026-03-20
42929,7735119,22209,0.946462318821655,142695994988.9486,586.598111,1.42716511768749,4046661,752901,458457986.901455,2026-03-21
43738,7737157,22191,0.9208023484987562,138681896492.5858,1641.140246,1.3870183840334,4509221,851919,769847931.647144,2026-03-22
45157,7739430,22234,0.9484506799131796,142943966607.5371,1486.576101,1.42964523512777,4233721,994342,1636929669.97499,2026-03-23
43148,7741790,22280,0.9393910121777324,141473276083.1758,777.100062,1.41493622586744,3301149,610188,952179746.866962,2026-03-24
39472,7744737,22267,0.9394340287140762,141449150447.50943,472.306784,1.41469494149626,2816047,466024,805135977.33551,2026-03-25
47932,7747361,22166,0.9079889341525345,135928653408.73688,858.099756,1.35948204300768,3200539,533066,1014876208.09355,2026-03-26
46524,7749947,22192,0.884882115974752,132215688033.99648,460.144748,1.32234705491297,2510536,538879,1049480151.62034,2026-03-27
41405,7752210,22189,0.8933279860268526,133235766918.20288,347.137706,1.33254931562844,2204295,501846,440497423.610519,2026-03-28
37184,7754292,22205,0.8895387191225509,132625301640.65526,381.895517,1.32644378982552,2066003,389752,499673254.489029,2026-03-29
54795,7756552,22298,0.8875672384054415,132224732014.91536,381.602398,1.32243752242029,2095539,394658,813029320.34168,2026-03-30
60996,7758954,22385,0.8988035405022161,133854695169.117,382.661713,1.33873950375083,1958025,447237,888785886.802008,2026-03-31
46511,7761324,22319,0.8988892609299387,134837768109.79422,521.983305,1.34857165436364,2872151,462315,732275791.259475,2026-04-01
44965,7763403,22234,0.8816396536874324,131803490752.21362,1009.527984,1.31822452908402,4959808,457998,1041308423.70994,2026-04-02
46069,7765689,22278,0.8809123969088108,131618915497.1364,776.301899,1.31637852121114,4311964,464620,530819703.987226,2026-04-03
35990,7767881,22410,0.8798802056111377,131446023611.89644,318.19161,1.31464935779487,3070311,289791,334103719.154625,2026-04-04
29419,7769809,22298,0.8864949414064933,132475092209.40776,440.308665,1.32494153020614,3358336,275947,590984892.978634,2026-04-05
34753,7772094,22286,0.8854252775704043,131952888153.57632,425.11473,1.31971874390013,4074522,318519,827888986.374362,2026-04-06
31644,7774411,22237,0.9261654850672928,138345565256.2003,493.666298,1.38365471995597,5103071,284745,1069808545.03116,2026-04-07
32721,7776824,22282,0.8991859705478521,134172709238.74287,531.14666,1.34192016252834,5570561,312338,939992087.501003,2026-04-08
33917,7779114,22382,0.9015598967897016,134476269258.34113,446.417697,1.34495620554225,3208489,352378,816976414.752385,2026-04-09
34928,7781551,22366,0.9089423749636572,135623449293.2334,359.061303,1.35642966156807,2671105,326196,630118544.054382,2026-04-10
31898,7783820,22416,0.9086381341075276,135574197469.12222,376.915638,1.3559370775627,2046761,381374,454916378.925459,2026-04-11
31977,7786099,22415,0.8884707780305366,132437306662.83932,289.400722,1.32456365907942,1976795,367118,563407163.004354,2026-04-12
33857,7788153,22396,0.923374552191588,137751309256.52725,440.733408,1.3777113385475,2073491,442321,804126244.198932,2026-04-13
34763,7790587,22373,0.913469995016326,136256271439.88052,360.76304,1.36275881370153,2303245,517441,858565333.654325,2026-04-14
35407,7792971,22425,0.9315006676775972,138979441344.4534,381.528408,1.38999443722292,2065353,457044,894128095.83678,2026-04-15
38703,7795380,22359,0.9708858400462614,145312258946.0836,574.869301,1.45333173599435,2487197,442157,1380706045.60688,2026-04-16
39685,7798339,22348,0.9904751620114052,147721817403.8038,419.425776,1.47743079482343,2469146,481627,1465236871.64756,2026-04-17
32653,7800552,22383,0.9645079540801312,143622715025.04144,389.442485,1.43643387666018,2349948,467517,872055856.597948,2026-04-18
40012,7802924,22330,0.9387331922674405,139532671602.36874,409.324889,1.39552756105552,2612786,609142,1036612780.97656,2026-04-19
41579,7805451,22327,0.9581638485716538,142400870211.00015,424.108784,1.42421368170303,2907637,631302,1048585496.34073,2026-04-20
48946,7807925,22302,0.9613466626568634,142859277336.73157,514.407413,1.42879842016751,2813830,620130,815734863.164091,2026-04-21
44991,7810879,22299,0.9629899675776324,143137841443.34567,456.345379,1.43158446876229,3147083,783223,855274053.83813,2026-04-22
45934,7813485,22338,0.9665627592762812,143740487648.76987,426.944896,1.43761180449562,2965266,653079,846049241.803319,2026-04-23
44562,7815911,22332,0.9632557808990804,143335394559.87057,458.421508,1.43356029700956,2879956,714816,736026579.198818,2026-04-24
50222,7817960,22366,0.9573517792056389,142400914501.84375,448.130166,1.42421415749739,2249933,645302,275944562.202716,2026-04-25
50259,7819998,22396,0.9612742386498336,143026541344.88876,350.604413,1.43047133164952,2053994,516634,367655213.002037,2026-04-26
50448,7822232,22354,0.9416145056596746,139943835998.57205,453.298017,1.39963984629865,2298930,684801,736619261.630423,2026-04-27
43992,7824532,22305,0.9293605005574922,138005177980.1952,629.224284,1.38025048358799,2974649,802620,573749927.193777,2026-04-28
56444,7826646,22217,0.9225975870894966,136827853735.96954,535.230788,1.36847555332631,3400214,715968,741671124.735252,2026-04-29
58492,7828938,22285,0.9217291005342068,136626846520.7852,442.667519,1.36646519779756,2829165,838523,506562481.588581,2026-04-30
53451,7831319,22292,0.9275086568190304,138405295060.946,524.336455,1.38425225129318,2864917,836127,518285121.199704,2026-05-01
39773,7833610,22360,0.93445817390965,139461565359.6384,470.199335,1.39481648184625,2587304,598254,335575514.343076,2026-05-02
40902,7835800,22268,0.930783435335288,138951127265.34198,518.292762,1.38971137306308,3091804,772150,310460221.448519,2026-05-03
45852,7838201,22259,0.93203243804644,139136744568.77512,804.770681,1.39156782460128,3234136,868313,810910612.297285,2026-05-04
42352,7840403,22285,0.9460644933890684,141263465116.8885,453.664933,1.41283809930677,2794144,826846,600451340.497775,2026-05-05
47352,7842731,22264,0.9528515732913247,142363195972.192,489.159014,1.42383699866187,3042513,881942,982942796.936682,2026-05-06
48223,7845146,22278,0.9285587265797643,138650975313.09744,586.811819,1.38670945367462,2779525,833575,790736466.630088,2026-05-07
45164,7847349,22264,0.9483659282687852,141719226846.713,500.493957,1.41739639534263,2836806,883413,588626065.493395,2026-05-08
40230,7849448,22269,0.9501177141170108,142006336257.35895,478.788967,1.42026790979141,2648163,784998,470740589.473471,2026-05-09
42706,7851365,22271,0.9831669824606718,147336159645.20053,473.523906,1.47357382777462,2690787,842422,1229051124.38825,2026-05-10
45303,7853630,22265,0.9835696425935442,147597252280.58795,503.19453,1.47618513765022,2832408,901540,1112205286.64966,2026-05-11
43010,7855912,22261,0.9592730807885184,143668640744.66324,415.538587,1.43689336907108,2601024,847510,930572916.816584,2026-05-12
43745,7858435,22290,0.951770081750074,142483964807.1543,477.064684,1.42504490991238,2556924,744898,906485143.032256,2026-05-13
52443,7861241,22270,0.992438148797826,148936655516.20325,573.42053,1.48958112126659,2830589,823391,1707873933.07606,2026-05-14
53708,7863898,22316,0.9570475052938696,143329772606.9821,477.596458,1.4335042214466,2448318,652614,1101671394.10482,2026-05-15
43887,7865998,22420,0.9442012471226164,141368202183.3043,418.430407,1.41388569708992,2223913,339390,614484354.518892,2026-05-16
36908,7867921,22434,0.935352038590348,139930059081.85397,328.215354,1.39950219867476,2022869,302761,537463328.83131,2026-05-17
41296,7869914,22457,0.9301949021482304,138974824373.7769,459.42085,1.38994848170148,1861541,317136,892971056.374398,2026-05-18
48222,7872682,22487,0.912556994456843,136119754746.62927,379.015833,1.36139367694394,1789167,308161,664828812.995885,2026-05-19
48007,7876422,22322,0.9164024883072563,136405251870.08052,548.187471,1.36424906701949,2402272,769663,589981569.461955,2026-05-20
47241,7878667,22333,0.9214054675459749,137143859222.98552,436.951082,1.3716362108129,2159947,779905,640238194.747802,2026-05-21
45611,7880812,22371,0.8992604417142939,133536425011.11096,393.548897,1.33555667578869,2145464,690086,730047601.419062,2026-05-22
45459,7882881,22433,0.9141054302483608,135763046775.90692,456.081841,1.35782610818712,1933235,571744,772917525.308381,2026-05-23
41898,7884661,22441,0.9084995464146934,134937633464.278,357.208506,1.34957079043599,1775054,468035,428142731.772102,2026-05-24
45184,7886729,22346,0.9096695650701272,134914310434.37157,443.688157,1.34933753251431,2227111,726534,436412909.77928,2026-05-25
48931,7888704,22373,0.8962317149795952,132785472765.22958,397.088074,1.32804609317937,2102261,653478,607511478.817132,2026-05-26
46923,7890888,22330,0.881704274107998,130470325269.48524,424.426807,1.30489128725583,2056475,769463,733832034.806152,2026-05-27
51542,7893096,22310,0.8881902555430569,131383967026.847,757.709854,1.31402903153301,2830059,864501,1030292127.82043,2026-05-28
50024,7895342,22344,0.8951857903725916,132450743351.38016,489.323262,1.32469833878618,2496862,789161,818953663.024159,2026-05-29
43645,7897204,22363,0.904196138358896,133830505122.57486,397.826492,1.33849795051627,2022816,460576,655687067.764873,2026-05-30
43732,7899147,22409,0.8989752176341536,133053326926.60716,384.872456,1.3307250534775,1956710,492910,413268288.704478,2026-05-31
49070,7901119,22356,0.8723216795104912,129537137674.5572,441.732242,1.29555809841525,2097345,769302,860717587.202772,2026-06-01
45740,7903506,22327,0.8162860249245237,120625381895.8069,492.252326,1.20642770069196,2509836,883479,1371768533.99422,2026-06-02
46756,7905664,22393,0.8132113241843948,120052266624.40433,500.265963,1.20069572783864,2164786,610268,1075127946.64208,2026-06-03
52545,7907451,22349,0.7915793715207834,116479063482.60973,602.987345,1.16495855248784,2465395,842445,1496186745.23254,2026-06-04
55421,7910066,22324,0.7463267844740726,109497274497.64516,530.774287,1.09513060341816,2753050,983980,1937897187.71691,2026-06-05
44811,7912189,22340,0.7447473404275663,109143427795.3044,355.005287,1.09159163014194,2133141,729254,1018247883.11313,2026-06-06
34348,7914337,22262,0.7881546364008498,115537269283.89316,354.392951,1.15553926713123,2230937,682053,964755870.238256,2026-06-07
33563,7916595,22407,0.7972225861537735,116978672139.8093,321.252627,1.16995537757248,1995423,424826,924061213.130061,2026-06-08
31705,7918726,22420,0.7754344499327681,113631419957.51704,460.348039,1.13647803501903,1924597,317106,807209675.65152,2026-06-09
37506,7920960,22479,0.7492838681007478,109571161784.20096,330.712615,1.09586960277093,1732352,289636,844316714.077738,2026-06-10
31042,7923188,22513,0.7789303333100628,114041831342.47096,329.709903,1.14058274813946,2205585,264386,744858328.361192,2026-06-11
32097,7925259,22501,0.7718208425737865,113015887985.37073,333.964717,1.13032183905596,1999930,282708,638056358.209441,2026-06-12
31184,7927080,22659,0.7850026274668088,115004953823.73811,296.245328,1.15021536890966,1637459,231493,356760395.640643,2026-06-13
31808,7928950,22623,0.8056647670914434,118085096672.29572,348.927396,1.18102124290941,1635953,249201,456900706.497719,2026-06-14
32732,7931387,22504,0.8402405014828856,123689459358.73706,385.522546,1.23707295591496,2165748,326518,1442754129.80594,2026-06-15
33110,7933646,22501,0.8274649770088286,121716719043.54073,321.537268,1.21734271195231,2117253,272550,739058646.966202,2026-06-16
40126,7936092,22360,0.8062202635486825,118509688405.08592,352.855048,1.18526778505416,1895010,248935,798998674.378749,2026-06-17
42748,7938272,22326,0.7811319983812594,114399445185.20631,355.757329,1.1441594296077,1902660,249715,741380049.946965,2026-06-18
39558,7940562,22489,0.7747095921787858,113361286581.79971,423.91958,1.13377635123109,1843341,241211,535414932.138095,2026-06-19
34188,7942543,22544,0.7857422040797415,115005785811.6904,268.865554,1.15022371825836,1465156,208698,331114696.989342,2026-06-20
39011,7944583,22544,0.7699360989896109,112503985222.22572,330.631632,1.12520210801388,1424095,209261,315848279.363785,2026-06-21
41066,7946722,22478,0.7726859015190152,112787039969.50052,363.54103,1.12803306781604,1541864,244214,554189672.455562,2026-06-22
41070,7948961,22410,0.7597902147484102,110761760249.08464,411.595484,1.10777735419424,1602097,262027,568179986.713517,2026-06-23
43190,7952037,22470,0.7382046956498974,107180925186.61671,416.398588,1.0719638433949,1537544,279568,849392892.159146,2026-06-24
48224,7955647,22439,0.7189808393852607,104284372571.58228,436.368243,1.04299414397759,1790569,321646,928646680.74642,2026-06-25
46725,7959270,22452,0.7232732516536887,104668942246.55792,426.101818,1.0468403998863,1630480,295370,978863348.026246,2026-06-26
46776,7962496,22583,0.7263297995640722,104738581379.79832,287.574655,1.04753689468103,1388710,278853,434663272.97663,2026-06-27
44844,7966180,22595,0.7257765911508622,104630898802.52936,301.910648,1.0464599167407,1389870,259740,354089789.292676,2026-06-28
47445,7970615,22440,0.7329988158499601,105660588501.5249,405.037014,1.05675830332558,1731055,282788,676927717.348263,2026-06-29
49600,7976676,22412,0.7298723832541139,103792392380.98,469.974967,1.03807365207514,1578348,310935,492852213.456711,2026-06-30
37756,7979563,22463,0.7382125186866816,105295940219.55324,389.843428,1.05311130354682,1693442,259259,619099504.582542,2026-07-01
40516,7982308,22453,0.7607002344979348,108533033721.57848,343.251086,1.08548691216854,1661954,277581,687852338.210866,2026-07-02
46649,7985042,22436,0.792035289232093,113336842709.48505,368.851683,1.13353193643419,1828356,294518,658102289.659753,2026-07-03
41004,7987255,22423,0.8077602742513351,115688363498.45232,446.568367,1.15705054199491,1935692,283417,747965743.676585,2026-07-04
33751,7989276,22527,0.8075271173632277,115712903741.79189,267.181104,1.15729598292576,1609920,230450,470512466.51613,2026-07-05
41212,7991656,22251,0.7988870245892957,114477023254.211,342.031891,1.14493539889234,1980044,299701,681807370.10614,2026-07-06
35182,7993709,22459,0.7787010259419095,111357169143.08543,376.464166,1.11373236067893,1804388,255218,526096452.005893,2026-07-07
35597,7995836,22456,0.7617338299791684,108848668004.50365,346.153659,1.08864373372621,1852836,248900,607099690.583717,2026-07-08
30623,7997756,22447,0.7645192805489545,109265974301.19997,260.550659,1.09281740165661,1588655,226608,358958201.051375,2026-07-09
27392,7999453,22442,0.7727031370289401,110362153617.1238,306.930029,1.10378077986897,1757612,226103,393497453.68841,2026-07-10
24664,8001177,22501,0.769652632178922,109909232324.31696,236.016679,1.09925091600675,1607118,240188,234535653.351498,2026-07-11
24233,8002754,22610,0.7602782275207226,108526816135.58788,232.07388,1.08542476189097,1588791,233106,250399066.733329,2026-07-12
28560,8004227,22536,0.7461677557312842,106377428387.74866,308.294477,1.06392778619906,1521187,274809,475629227.946749,2026-07-13
26540,8006162,22670,0.7778774855987247,111034447028.5686,241.572194,1.11050469535475,1372996,229983,518817415.103843,2026-07-14
30242,8008285,22485,0.7801087501281166,111282686247.87279,287.429337,1.11298744896178,1547952,242006,475916887.54597,2026-07-15
27106,8010061,22497,0.7619227592883325,108601454563.585,323.713836,1.08617126648405,1476592,254700,409312127.253559,2026-07-16
26509,8012090,22553,0.7638820700852196,108836197030.24756,247.396907,1.08851903259675,1397265,236807,375861065.01733,2026-07-17
24488,8013847,22732,0.7663686101236192,109196822295.43552,240.268333,1.09212580829394,1198387,192523,195162338.21897,2026-07-18
25299,8015408,22600,0.768940611432713,109541382910.64613,238.998179,1.09557191431099,1266341,185996,217834703.212838,2026-07-19
30776,8017274,22504,0.779875068973182,111199933554.13576,253.780066,1.11215981711454,1501070,207109,486833572.504142,2026-07-20
38837,8019454,22553,0.7991573378038846,114037305056.15688,299.725057,1.14053763039288,1566851,225620,627575514.16401,2026-07-21
29237,8021465,22590,0.7985656686839605,113988099832.49644,257.70496,1.14004551008116,1401503,217225,406426977.274287,2026-07-22
36886,8023543,22554,0.7767197654302349,110761274038.74696,270.711337,1.10777259807105,1616127,238516,393343787.706398,2026-07-23
29697,8025449,22491,0.7660837740348496,109059575518.30405,322.268159,1.09075316038323,1652642,299887,387813501.696015,2026-07-24
33345,8027115,22590,0.7708227927471907,109731765586.9309,265.676399,1.09747603415459,1336588,272228,210493887.545502,2026-07-25
35304,8028817,22686,0.7804119643490782,111141022958.85693,194.177571,1.11157064404493,1256307,242384,216261770.169329,2026-07-26
35393,8030670,22568,0.7491832219823008,106453327479.11942,306.661432,1.06468692656735,1396212,257586,509094102.544731,2026-07-27
40000,8032628,22449,0.7495296897284331,106441023785.25797,304.165604,1.06456387510843,1494628,263542,539411966.756762,2026-07-28
38912,8034734,22506,0.754619009538612,107203923094.98984,260.013881,1.07219397216489,1469457,266472,627384747.554351,2026-07-29
34036,8036865,22560,0.7641489384345078,108488516612.24072,238.228595,1.08504176414175,1503636,250120,376787111.537908,2026-07-30
33183,8039184,22316,0.7483175731281227,106124662086.53851,265.713631,1.06139980959372,1483081,269689,422022455.96471,2026-07-31
34061,8041055,22296,0.7470757462809204,105937792165.22836,226.924423,1.05953084304248,1378729,242933,198726092.898044,2026-08-01
32306,8042853,22256,0.7601026159643045,108353699780.15048,239.890934,1.08369340915867,1585417,229821,292978456.85876,2026-08-02
41928,8045001,22347,0.7534727908273939,107381238427.76682,244.098095,1.07396739448373,1709459,266358,397096794.627932,2026-08-03
41049,8047191,22337,0.7539264964992433,107404671586.10068,279.247209,1.07420176289412,2570704,276465,379310715.192952,2026-08-04
45058,8049349,22271,0.7467660171199205,106101774974.69452,330.8898,1.06117091945884,3276635,304500,400162480.247133,2026-08-05
41663,8051734,22232,0.7276241951884436,103217374097.42477,643.133478,1.03232275337287,2966128,296424,621076606.44336,2026-08-06
41261,8054030,22271,0.7210302861688319,102160847910.05096,349.691103,1.02175596979162,2835779,387510,687635100.432782,2026-08-07
36739,8055827,22610,0.7324250507045459,103801299855.36626,236.344218,1.0381628600365,1759973,359731,278495576.280775,2026-08-08
37354,8057647,22421,0.7270845091243411,103007191306.33252,246.278616,1.0302206306021,2007823,371088,247462639.769303,2026-08-09
45953,8059628,22240,0.7144401146565398,101126988900.36906,273.754022,1.01141589475289,2532960,405910,463450998.155817,2026-08-10
48403,8061820,22203,0.7217129558319126,102100219739.51836,274.93956,1.02114961108957,2813913,343613,611944267.999701,2026-08-11
47528,8064023,22213,0.7103827092725521,100301794832.33792,377.871652,1.00316276921849,2962499,636961,387463289.671751,2026-08-12
62458,8066184,22213,0.7139843950248163,100788722759.39676,292.411809,1.00803275448872,2934136,600384,357627135.326223,2026-08-13
59577,8068244,22373,0.706365344537901,99658828960.82848,302.003771,0.996732188081756,2161034,485521,410784120.033759,2026-08-14
62291,8069906,22441,0.7095693904929085,100112593512.70132,250.371177,1.00127049130334,1975540,316725,183127963.830154,2026-08-15
60315,8071695,22512,0.7030470234886173,99153041948.13148,209.537174,0.991673592204833,1873828,260376,188609144.382946,2026-08-16
45862,8073698,22459,0.7105212847690344,100229982746.24968,251.38513,1.00244455776252,1851141,281263,348977853.305976,2026-08-17
49483,8075948,22419,0.7102139176607969,100162032961.36964,240.574875,1.00176496420579,1885772,276912,371057725.837461,2026-08-18
34158,8078243,22366,0.7777297719772656,110253708013.33736,297.821744,1.1026962904509,2076332,280956,1405842630.43623,2026-08-19
47049,8081482,22285,0.8858944018437978,126831757577.62912,445.916485,1.26850073105057,2544540,337336,3356554408.14738,2026-08-20
99330,8085250,22210,1.000183666208482,145794129242.24353,477.062311,1.45815183784612,2897479,367686,4706424498.9807,2026-08-21
332689,8089001,22131,1.0001966814266527,146206475031.10892,613.392444,1.46227590018577,3848483,356572,7911442369.48239,2026-08-22
474619,8091901,22122,1.037989627059953,152022546582.74045,418.405114,1.52044502157483,3791105,599790,3219962403.64406,2026-08-23
426389,8094802,22117,1.0100712174232491,147934125094.9875,434.144575,1.47955490849462,3804111,625418,3129920832.9529,2026-08-24
238547,8098038,22140,0.981661630532884,143626071460.2736,344.168921,1.43646815507831,3039466,343921,2506348871.47572,2026-08-25
932932,8100875,22066,0.9706477788884604,141815146407.5229,465.309052,1.41835629561554,3854170,1504039,2162341052.80949,2026-08-26
340628,8103648,22223,0.9934086739325964,145477171342.4619,361.796195,1.454981839497,3421516,992086,1978566081.61629,2026-08-27
213382,8106573,22186,0.9467709294402052,138240559382.00964,341.150698,1.38260527210501,3217096,747504,1854557776.1489,2026-08-28
388435,8108288,22224,0.955654009012088,139558436664.1874,341.883898,1.39578595327591,3021419,1068130,629350611.639426,2026-08-29
378173,8110711,22343,0.932362437875705,135898169286.09727,427.934418,1.35917799820099,2757270,998899,1038102679.82975,2026-08-30
34684,8112945,22315,0.9455571554317675,137891177559.33173,300.022635,1.3791109639784,2213782,311723,1165718318.22957,2026-08-31
